Length of List, Number Of Sorts, Variance
200,50,1408616917.9683192
200,100,1757759489.133831
200,150,2718257237.2615643
200,200,2230645601.584775
200,250,3939398373.4753184
200,300,4038835542.596079
200,350,4560626518.821775
200,400,5596049491.641231
200,450,10606890314.950191
200,500,6224782298.27223
200,550,8679202473.042543
200,600,7712161405.391824
200,650,8232768138.016391
200,700,8648960247.66987
200,750,11881940607.451641
200,800,31169365988.585342
200,850,20445662528.501556
200,900,20173579637.459118
200,950,14952912524.120363
200,1000,19656034808.81295
200,1050,15902923190.305277
200,1100,28276763872.329277
200,1150,17473049359.935318
200,1200,22573085758.09835
200,1250,21647215434.601902
200,1300,32576918565.959084
200,1350,27027430048.27023
200,1400,27516143946.044395
200,1450,24401489691.591602
200,1500,23317790296.73579
200,1550,27350214178.65636
200,1600,34541558463.68479
200,1650,26752242371.789833
200,1700,38122194210.52688
200,1750,27699301168.057713
200,1800,28738693932.661774
200,1850,44841372160.67457
200,1900,30169140020.540318
200,1950,31726740432.15308
200,2000,36973247589.47898
200,2050,33172349089.852867
200,2100,32178011068.37643
200,2150,47478613693.94297
200,2200,34686288589.22768
200,2250,63617824054.54938
200,2300,56537431646.3207
200,2350,41778381158.89716
200,2400,38415826503.93728
200,2450,61649610041.1955
200,2500,84226741949.48462
400,50,7585512704.539024
400,100,2523561903.4018993
400,150,3778789661.8639746
400,200,5339968293.3271
400,250,6516946777.359991
400,300,8582638658.858375
400,350,10445724515.98868
400,400,10221977111.477837
400,450,13932283700.532032
400,500,16052115355.380638
400,550,16410440852.212626
400,600,22442552610.821556
400,650,31152818477.94573
400,700,361219429765.61395
400,750,164101569785.41064
400,800,25081984643.82279
400,850,26464935734.10963
400,900,298207649391.71436
400,950,296917511415.2894
400,1000,140996646393.69672
400,1050,153970167882.7501
400,1100,73988348730.2164
400,1150,130627461433.7616
400,1200,107577495307.9372
400,1250,257847857869.02478
400,1300,347507444468.8717
400,1350,100485178248.63585
400,1400,396702126089.77484
400,1450,127758789180.17369
400,1500,211729945721.43896
400,1550,266851624972.01288
400,1600,612406734180.7336
400,1650,411569739202.2139
400,1700,204249208461.51178
400,1750,410647961775.504
400,1800,58150041292.31948
400,1850,1005496836141.176
400,1900,281756081386.203
400,1950,406927031399.64014
400,2000,1083031324782.6362
400,2050,1736309218602.029
400,2100,373054538520.503
400,2150,1065949070392.1454
400,2200,633716519309.2872
400,2250,624908301175.2771
400,2300,549378534736.99963
400,2350,804367768844.5343
400,2400,1160734375015.7886
400,2450,1164350353006.535
400,2500,1452051926053.976
600,50,2150636275.9117594
600,100,5245644164.150604
600,150,8493744321.92072
600,200,12600577686.94216
600,250,40572354437.017265
600,300,65092302485.483955
600,350,37095601330.80931
600,400,28996594155.642868
600,450,34933804568.75848
600,500,38748940640.94502
600,550,82714246736.92519
600,600,47565884712.845085
600,650,46798654053.281204
600,700,59313596644.42871
600,750,56239801679.257195
600,800,233262422951.36145
600,850,64465691504.68616
600,900,99615877113.59442
600,950,237020849468.33704
600,1000,87464691862.64983
600,1050,84940036378.44266
600,1100,130499711478.0303
600,1150,134166456426.88544
600,1200,192522516851.66495
600,1250,109516655433.74722
600,1300,318245711793.1691
600,1350,159057547865.8338
600,1400,147626131337.65515
600,1450,114015779172.95197
600,1500,110830321947.81113
600,1550,1297782020242.6697
600,1600,145050279784.06604
600,1650,474262657739.3055
600,1700,140909538382.82007
600,1750,152497249448.52844
600,1800,171061771646.32684
600,1850,207316246080.4732
600,1900,365096717690.775
600,1950,196324204853.50537
600,2000,171294957580.7487
600,2050,205556176044.53098
600,2100,1460426673874.898
600,2150,1471465928539.407
600,2200,810850369437.8618
600,2250,291582194752.66473
600,2300,721075280197.9541
600,2350,970905467134.3474
600,2400,961858137129.3555
600,2450,415846955100.0571
600,2500,1066249287672.3435
800,50,3210282038.4513564
800,100,15331829461.314629
800,150,12624745994.896774
800,200,24839662997.723423
800,250,144454284332.07983
800,300,50363788183.792564
800,350,48351462461.398476
800,400,76417894419.00603
800,450,71262867815.27228
800,500,101177008672.81924
800,550,208114249837.50983
800,600,118096027466.29224
800,650,138233040718.10413
800,700,128598933447.16898
800,750,750007853144.0885
800,800,251672612316.9792
800,850,281586781436.71277
800,900,182561081898.60764
800,950,831485120423.2874
800,1000,257119624050.7705
800,1050,456990843490.20416
800,1100,319358409042.3793
800,1150,295233039626.01355
800,1200,277082900782.28436
800,1250,391041977275.80273
800,1300,350824987070.6484
800,1350,842682339721.6359
800,1400,431561671781.77747
800,1450,525573603405.12213
800,1500,526961900116.2392
800,1550,437965629169.22626
800,1600,686945658958.2043
800,1650,1645284642089.6052
800,1700,320409559616.94037
800,1750,529549319157.85425
800,1800,1396154161098.149
800,1850,2155330075948.5952
800,1900,667037698561.9263
800,1950,556679076255.6858
800,2000,615021360305.1112
800,2050,1598645222221.4116
800,2100,773800366483.5736
800,2150,1534589721703.927
800,2200,840414593760.2092
800,2250,1283614897749.434
800,2300,1409382714974.738
800,2350,1368057251530.3376
800,2400,797649284966.1228
800,2450,1011474862907.3052
800,2500,788891373985.948
1000,50,3816725865.961871
1000,100,10808501844.34384
1000,150,32431822310.3655
1000,200,22788565055.765354
1000,250,53143491645.648796
1000,300,32268611029.778976
1000,350,43168921542.31655
1000,400,141913793178.3264
1000,450,82186821570.68303
1000,500,82775529647.34035
1000,550,170210185485.19104
1000,600,131149900013.81462
1000,650,126967276951.98479
1000,700,261338671521.5897
1000,750,126368232139.81055
1000,800,297871889210.2026
1000,850,282247181134.9035
1000,900,216335165833.3419
1000,950,261933882897.3153
1000,1000,702577875404.753
1000,1050,315766188905.59265
1000,1100,499097435084.9826
1000,1150,514351359683.6389
1000,1200,589170035531.23
1000,1250,403203787254.3359
1000,1300,430534513075.9424
1000,1350,597869730739.721
1000,1400,509700256001.0944
1000,1450,938542410742.6696
1000,1500,637262549744.8555
1000,1550,956635963732.6696
1000,1600,945817415679.878
1000,1650,688100938028.5863
1000,1700,790637297249.561
1000,1750,1093717745231.6836
1000,1800,540801145174.29553
1000,1850,574534688578.7357
1000,1900,433777376726.0309
1000,1950,1265260222836.4746
1000,2000,560493008981.5359
1000,2050,1237593718213.496
1000,2100,1255633204811.655
1000,2150,1033598407327.6433
1000,2200,1287078455388.3481
1000,2250,1405713269182.0205
1000,2300,805683111088.1853
1000,2350,1768606276181.094
1000,2400,1884428575247.5464
1000,2450,2230770248477.0293
1000,2500,1738650720402.861
1200,50,4945303205.707563
1200,100,12731374643.813375
1200,150,36572127469.88047
1200,200,35222444607.1827
1200,250,94859898163.13487
1200,300,90092109697.2316
1200,350,119868785586.3352
1200,400,276316975802.50165
1200,450,107505980853.97978
1200,500,159999000287.47794
1200,550,377855817452.38043
1200,600,427476769761.611
1200,650,267395502137.9939
1200,700,589849929283.3
1200,750,507483198862.35504
1200,800,884250280256.4652
1200,850,703088618775.3165
1200,900,1329588400274.8245
1200,950,664986918525.7391
1200,1000,876018856552.9067
1200,1050,972310047064.4727
1200,1100,863869833837.9938
1200,1150,930184231551.372
1200,1200,1808354167755.0415
1200,1250,1458451908040.512
1200,1300,1765164029488.8816
1200,1350,632055010926.4454
1200,1400,1370558236859.574
1200,1450,1986978543577.362
1200,1500,1594427634276.1326
1200,1550,1437536293654.67
1200,1600,1147630977581.4846
1200,1650,1561659829556.5083
1200,1700,2246212177311.486
1200,1750,1805468068889.296
1200,1800,2046005930285.435
1200,1850,2211102976754.302
1200,1900,2031932305536.5405
1200,1950,1857948837050.843
1200,2000,1655671094939.173
1200,2050,3203847005889.383
1200,2100,1754858647959.7224
1200,2150,1705070347339.3738
1200,2200,4083492162568.442
1200,2250,2743469535349.872
1200,2300,1844517530325.939
1200,2350,1966726625455.1704
1200,2400,2135667445803.8223
1200,2450,1858287615445.613
1200,2500,4167753812006.068
1400,50,5135005938.209352
1400,100,53729016983.08736
1400,150,42562653574.89977
1400,200,64122820371.91978
1400,250,185488493202.17548
1400,300,59427076304.98428
1400,350,292618464583.17993
1400,400,460944957511.0614
1400,450,107848283316.38112
1400,500,628905256822.8027
1400,550,524886343903.49445
1400,600,601037035093.5403
1400,650,717172249423.8872
1400,700,487422132923.333
1400,750,1913518430270.484
1400,800,3143999875567.171
1400,850,1492856897535.386
1400,900,3111250230609.189
1400,950,1097849623857.4907
1400,1000,1590349216477.3174
1400,1050,710616629644.2295
1400,1100,1814372554187.0945
1400,1150,3762561819210.887
1400,1200,3575681229056.4824
1400,1250,4496871980628.926
1400,1300,2618228475645.959
1400,1350,2053696987672.753
1400,1400,5475493635943.832
1400,1450,4092121547767.6494
1400,1500,3349027316011.241
1400,1550,5493109464983.791
1400,1600,4205160354490.09
1400,1650,3926028417598.213
1400,1700,2560044311558.5776
1400,1750,2504880197987.01
1400,1800,7493143955849.442
1400,1850,5660859797106.133
1400,1900,2311773643215.326
1400,1950,4240642749121.453
1400,2000,5691698691181.105
1400,2050,5593474944437.241
1400,2100,4869561961011.117
1400,2150,8295465114676.821
1400,2200,6254461471228.757
1400,2250,6207322887951.353
1400,2300,8179216663634.813
1400,2350,9456013596109.383
1400,2400,5589012733814.322
1400,2450,9474428141702.053
1400,2500,10750617713534.58
1600,50,31519753617.044544
1600,100,77119387642.79059
1600,150,23923048431.286125
1600,200,219517128427.90887
1600,250,308442536231.49365
1600,300,224151751592.57697
1600,350,240680813775.75568
1600,400,72183844557.69377
1600,450,535429372118.46985
1600,500,579747392683.2062
1600,550,397355281438.32104
1600,600,396626869902.7168
1600,650,433480354338.33124
1600,700,856258101095.13
1600,750,1779648599154.4429
1600,800,1350521904665.358
1600,850,1668343585598.1619
1600,900,1818707575232.1335
1600,950,1897868811254.686
1600,1000,938026544372.6033
1600,1050,1637432091841.856
1600,1100,1786265744007.3037
1600,1150,3820570426120.9243
1600,1200,1687061714730.783
1600,1250,2236625167742.8623
1600,1300,2216609516595.112
1600,1350,2608711903483.288
1600,1400,2823577539455.39
1600,1450,3193952019736.8
1600,1500,2306061316555.102
1600,1550,3923630613082.991
1600,1600,2113610950387.8982
1600,1650,3484793067941.5923
1600,1700,4271684332832.5684
1600,1750,2589856445118.718
1600,1800,6190612536796.384
1600,1850,4213515455685.077
1600,1900,5083254793645.19
1600,1950,4716148145101.557
1600,2000,5962120284327.218
1600,2050,5526798197366.088
1600,2100,5670605285450.298
1600,2150,7338970402065.424
1600,2200,6720821606417.083
1600,2250,6236557001308.952
1600,2300,8280622918489.501
1600,2350,10386263809725.955
1600,2400,7329523696167.581
1600,2450,7166688319010.761
1600,2500,7056450276817.834
1800,50,5814635623.664974
1800,100,17474346650.580273
1800,150,30364515770.955776
1800,200,283112549293.3482
1800,250,478577213110.5289
1800,300,210693180679.53052
1800,350,659307582773.8832
1800,400,574848656906.3175
1800,450,696880407490.4655
1800,500,482452177870.27563
1800,550,448525448723.46027
1800,600,1182567937643.1865
1800,650,1278295730352.094
1800,700,2489057213719.8223
1800,750,2057888051526.5273
1800,800,1313784463485.733
1800,850,1924358813978.7288
1800,900,2492778424189.6
1800,950,2754108237509.8433
1800,1000,4359182239625.94
1800,1050,2815832705241.381
1800,1100,4546033908612.328
1800,1150,5913166600377.687
1800,1200,5049596135521.024
1800,1250,5501883150900.735
1800,1300,5262449204931.858
1800,1350,4471143134218.627
1800,1400,4699719324414.748
1800,1450,6714195105784.583
1800,1500,4705788949158.544
1800,1550,6604755850911.31
1800,1600,3033523310959.125
1800,1650,8079471784855.074
1800,1700,6064565894211.004
1800,1750,4486618221303.498
1800,1800,11447172788279.752
1800,1850,9410622268987.92
1800,1900,14092018185117.188
1800,1950,11836320131044.592
1800,2000,9029894463857.465
1800,2050,8553157661496.934
1800,2100,14283733485407.896
1800,2150,9167762148089.848
1800,2200,11846989220170.764
1800,2250,14923126846571.86
1800,2300,13235466679727.297
1800,2350,7066629553734.972
1800,2400,10272615209852.371
1800,2450,5834689153747.436
1800,2500,10061554800954.7
2000,50,10247554711.987516
2000,100,76058486671.85687
2000,150,152101700490.09003
2000,200,217592465519.00095
2000,250,245891583405.17297
2000,300,72941559496.13661
2000,350,531688095027.4277
2000,400,356912061096.32513
2000,450,625495922389.3636
2000,500,1112100168481.481
2000,550,1553556334743.9639
2000,600,636667405551.4907
2000,650,1509721719500.6975
2000,700,2432859246367.9756
2000,750,1485372182907.5095
2000,800,1669042613124.2837
2000,850,2477546812184.188
2000,900,2530393365956.3325
2000,950,3645632859977.161
2000,1000,3357621270779.966
2000,1050,1677894546584.318
2000,1100,3469350595072.311
2000,1150,6833398883483.88
2000,1200,5946818056069.527
2000,1250,5908649764664.383
2000,1300,6924172992989.271
2000,1350,3539280217863.889
2000,1400,7816327633927.283
2000,1450,8383486169036.544
2000,1500,7811150949627.146
2000,1550,3628158961680.767
2000,1600,6201154670241.984
2000,1650,12129922838645.002
2000,1700,10039529045503.793
2000,1750,4942520554526.9
2000,1800,9571725973936.322
2000,1850,10676200579932.371
2000,1900,10218795199721.855
2000,1950,5932521010757.03
2000,2000,10775992425726.525
2000,2050,8013147231807.449
2000,2100,8058153743470.669
2000,2150,9641260894913.94
2000,2200,13039092281557.43
2000,2250,10275969318289.988
2000,2300,16174895127869.979
2000,2350,12557892323190.133
2000,2400,12422818056989.932
2000,2450,16661534169582.232
2000,2500,13026394285835.002
2200,50,8166160133.355935
2200,100,100077468441.1768
2200,150,223828965282.5403
2200,200,600022516562.9236
2200,250,232039747773.722
2200,300,100530853467.94217
2200,350,458021181874.2854
2200,400,964897628916.096
2200,450,505073434527.3064
2200,500,857390954408.0011
2200,550,1675830001577.9336
2200,600,2231735433584.4575
2200,650,4657108340931.506
2200,700,3299127517892.0034
2200,750,1533981874769.835
2200,800,1456799401890.753
2200,850,2698914521067.608
2200,900,4345585116654.345
2200,950,4501252236352.892
2200,1000,4904059229513.276
2200,1050,4299835872514.558
2200,1100,3596896330299.195
2200,1150,4519404721496.208
2200,1200,6046565184347.18
2200,1250,5660606378362.806
2200,1300,6539997987432.002
2200,1350,6859590954301.195
2200,1400,6158737027206.592
2200,1450,5812326972808.645
2200,1500,11927894299165.451
2200,1550,9344288354558.504
2200,1600,6509982402632.456
2200,1650,9794082917193.04
2200,1700,10089917474654.416
2200,1750,9315299837058.447
2200,1800,10071991101872.836
2200,1850,10275309582338.43
2200,1900,11162625904223.166
2200,1950,18300268499832.902
2200,2000,11137008194412.496
2200,2050,15950486175184.62
2200,2100,16680487645384.006
2200,2150,16953642006527.389
2200,2200,13804693134238.195
2200,2250,12510533910503.225
2200,2300,15079065219569.736
2200,2350,16016461677160.164
2200,2400,15128427302099.475
2200,2450,8458593318757.419
2200,2500,18609179453936.22
2400,50,10510364773.51647
2400,100,165363386088.83047
2400,150,162529350303.2139
2400,200,83456991214.2715
2400,250,430961907106.24866
2400,300,832496539816.7527
2400,350,608271964662.7675
2400,400,1466507682215.1367
2400,450,2072433545480.4336
2400,500,625476816021.0582
2400,550,1219075529000.064
2400,600,1927899883622.5964
2400,650,2512906729942.524
2400,700,2451793396263.155
2400,750,1442581919499.1243
2400,800,4639522479242.784
2400,850,4914528188313.296
2400,900,3539417942366.784
2400,950,5453062022251.038
2400,1000,3658828552848.8486
2400,1050,3541533011577.691
2400,1100,9162417284423.652
2400,1150,4954695582848.663
2400,1200,4916383770766.953
2400,1250,4665573931544.714
2400,1300,5647451507805.393
2400,1350,4783028317820.063
2400,1400,10465410606923.676
2400,1450,8779434495724.832
2400,1500,6660963269414.132
2400,1550,10043417955048.053
2400,1600,10067973636203.156
2400,1650,14008110136620.99
2400,1700,8867428542623.172
2400,1750,9633490697133.691
2400,1800,16599425286909.49
2400,1850,14445779488928.533
2400,1900,16089188207471.031
2400,1950,12157325088387.652
2400,2000,16116303061082.742
2400,2050,13477399669428.363
2400,2100,16924702623216.576
2400,2150,11547249002492.316
2400,2200,13427343435881.102
2400,2250,15123528926868.867
2400,2300,12476743895299.703
2400,2350,9185390893471.967
2400,2400,15993728292646.36
2400,2450,13399551853700.928
2400,2500,32356579018184.65
2600,50,16187986847.566223
2600,100,98163593239.11076
2600,150,294983160663.4845
2600,200,478346922470.55774
2600,250,742116712731.5085
2600,300,844013074572.3502
2600,350,872836107495.7654
2600,400,2359180909276.392
2600,450,1104070284455.8381
2600,500,3012626827300.313
2600,550,1606799991392.3496
2600,600,2946874916003.591
2600,650,2711113538208.1416
2600,700,3439036827194.1055
2600,750,4967055864307.409
2600,800,2068891281345.0278
2600,850,3311592925041.896
2600,900,3698148767665.931
2600,950,7847589706776.177
2600,1000,10422308187098.852
2600,1050,6735774092362.73
2600,1100,2626143472732.921
2600,1150,7372728484010.7
2600,1200,8230921383177.443
2600,1250,6033409390679.793
2600,1300,10788172135084.88
2600,1350,9686979657882.473
2600,1400,11707223896927.139
2600,1450,12330552351756.49
2600,1500,9043129757789.703
2600,1550,12902145887982.855
2600,1600,11793834341802.572
2600,1650,11398205904104.447
2600,1700,10334885613241.38
2600,1750,10666837737551.04
2600,1800,16003938108097.17
2600,1850,13428928428144.787
2600,1900,15364535821939.707
2600,1950,16530426434665.633
2600,2000,11114900487313.072
2600,2050,14950967599588.473
2600,2100,16001560132641.7
2600,2150,19556427233915.02
2600,2200,20885089941332.223
2600,2250,17705975015639.953
2600,2300,16031086984501.912
2600,2350,23638687391766.547
2600,2400,28075752621747.336
2600,2450,15477504625211.148
2600,2500,23219064665103.363
2800,50,88968025270.77303
2800,100,31158483023.544
2800,150,211584298136.59543
2800,200,445700839245.38666
2800,250,557402847767.7523
2800,300,1378039907198.756
2800,350,2545608264248.565
2800,400,2159608013701.3494
2800,450,1829901548217.674
2800,500,1709530895531.329
2800,550,2453389876728.487
2800,600,883653048805.6808
2800,650,2950250267538.641
2800,700,3658525238295.368
2800,750,4273699112489.099
2800,800,3200735311634.474
2800,850,3985698539574.8564
2800,900,5146662662322.893
2800,950,6953471756988.848
2800,1000,8878671557733.535
2800,1050,5402207637020.752
2800,1100,12471286492658.201
2800,1150,9798137479848.219
2800,1200,10923171854425.133
2800,1250,13810218838523.637
2800,1300,9926164982791.188
2800,1350,14216564962878.168
2800,1400,12511389974596.58
2800,1450,10741163774329.195
2800,1500,11013087838579.703
2800,1550,12709317078521.164
2800,1600,11597854012556.783
2800,1650,15166678658421.465
2800,1700,17838240047060.92
2800,1750,16662423556002.547
2800,1800,10977982412735.648
2800,1850,21866488272291.55
2800,1900,13559292477193.555
2800,1950,19332250950242.81
2800,2000,29407881386239.016
2800,2050,21794149104484.355
2800,2100,18634724163274.92
2800,2150,26023271804525.73
2800,2200,16547160913011.705
2800,2250,30234736536590.754
2800,2300,25363836900714.062
2800,2350,24499388354283.258
2800,2400,26921073741587.29
2800,2450,21013321106152.008
2800,2500,15770679333212.408
3000,50,18180624946.618774
3000,100,98242973943.20999
3000,150,326806199196.99695
3000,200,638823559373.546
3000,250,369529581341.0284
3000,300,1190119100414.108
3000,350,463826135726.4616
3000,400,2598470821943.599
3000,450,605140742053.4109
3000,500,2988935450983.9385
3000,550,1370244083234.9517
3000,600,3328820025565.948
3000,650,3397205472366.235
3000,700,4174288632327.5947
3000,750,5083227531511.42
3000,800,6522614329734.003
3000,850,3382415535184.246
3000,900,10748824589797.945
3000,950,4785416326392.186
3000,1000,8428932030378.1
3000,1050,4891384075332.23
3000,1100,8192502171447.053
3000,1150,10008190236053.924
3000,1200,10947439110236.582
3000,1250,14323403969726.809
3000,1300,8574195810622.56
3000,1350,15455304456488.723
3000,1400,10967231922405.336
3000,1450,11674863599014.857
3000,1500,16632255463140.34
3000,1550,15240958707649.436
3000,1600,9350687014247.86
3000,1650,17568340652544.217
3000,1700,20508728885940.46
3000,1750,16328325192801.418
3000,1800,16334199286242.836
3000,1850,19159513996190.625
3000,1900,11971354623352.555
3000,1950,15966909425675.955
3000,2000,21705299098148.44
3000,2050,27751029634052.445
3000,2100,22173500923863.035
3000,2150,17517154359827.664
3000,2200,26322207639488.855
3000,2250,24864703408467.246
3000,2300,26457153575956.855
3000,2350,22267239336911.105
3000,2400,31413357111102.99
3000,2450,22167859065106.383
3000,2500,17941389522631.73
3200,50,27652235460.340378
3200,100,98704126703.76682
3200,150,53437361488.51537
3200,200,808438811274.8289
3200,250,1163425724172.34
3200,300,860981119535.08
3200,350,1581756777975.2954
3200,400,2080896656415.969
3200,450,2470271616884.734
3200,500,3195096167726.13
3200,550,3159875699334.9033
3200,600,3183557931892.345
3200,650,3921569847723.7803
3200,700,3350531858766.413
3200,750,2934180049344.4097
3200,800,6174475180541.318
3200,850,4807767190211.349
3200,900,3031003807652.865
3200,950,7143296849873.114
3200,1000,9417440060649.303
3200,1050,12207663238264.676
3200,1100,6688588749713.812
3200,1150,13339235654925.242
3200,1200,17609263958265.207
3200,1250,14712533008915.719
3200,1300,11482360666785.986
3200,1350,11248510928693.82
3200,1400,25884676471179.81
3200,1450,15422490035625.135
3200,1500,17291528026304.623
3200,1550,14623815343532.363
3200,1600,15831674481518.945
3200,1650,13208412486050.373
3200,1700,22392598693574.27
3200,1750,24285976546963.09
3200,1800,26347904527249.023
3200,1850,19819837063860.496
3200,1900,25486894178439.64
3200,1950,15766047098320.857
3200,2000,28268282109099.7
3200,2050,15081829800662.908
3200,2100,17562263717328.96
3200,2150,21404076426465.29
3200,2200,28897153945715.88
3200,2250,25473257240602.723
3200,2300,31160997644636.91
3200,2350,25164224489257.12
3200,2400,29440296742266.266
3200,2450,28043465433591.305
3200,2500,24533949981257.227
3400,50,47205048131.34186
3400,100,232853250540.67838
3400,150,532691651087.8353
3400,200,1143893513472.257
3400,250,593725767419.0548
3400,300,1281106217313.1238
3400,350,2175442952230.5498
3400,400,3105330728207.912
3400,450,2258582912863.4893
3400,500,2602061022302.768
3400,550,2145570356058.9656
3400,600,4525552126681.6
3400,650,4052510512100.024
3400,700,4609589516463.488
3400,750,4960020279566.211
3400,800,7023394986338.132
3400,850,6917626512723.572
3400,900,8688512810421.01
3400,950,11096179924669.992
3400,1000,10867896493708.28
3400,1050,9585321524626.867
3400,1100,6190967476264.815
3400,1150,9057003913187.266
3400,1200,15500258554853.783
3400,1250,17177711644935.393
3400,1300,8605619365059.236
3400,1350,19936861559397.703
3400,1400,17479665051009.98
3400,1450,16892419643949.326
3400,1500,14965453322869.943
3400,1550,25471476680891.49
3400,1600,16893203226027.467
3400,1650,29047513037384.344
3400,1700,26965258028707.28
3400,1750,25781544828780.566
3400,1800,19419569618701.29
3400,1850,21261403082252.895
3400,1900,18392106660756.336
3400,1950,23160185828817.68
3400,2000,23349242335073.81
3400,2050,27236671787054.23
3400,2100,25086221854215.18
3400,2150,26463177186396.168
3400,2200,27127891138722.28
3400,2250,31120456619105.996
3400,2300,28540529889373.33
3400,2350,33609539275249.38
3400,2400,33462390786050.285
3400,2450,25282121532256.63
3400,2500,40802614935942.45
3600,50,17558289737.03897
3600,100,168632772499.45276
3600,150,596465015454.9814
3600,200,592110951860.0436
3600,250,429772468158.1302
3600,300,649537370188.3123
3600,350,518121414908.7733
3600,400,2776489048141.046
3600,450,2551348696875.0586
3600,500,3376736516470.688
3600,550,2204281284207.754
3600,600,4086485080838.638
3600,650,6749669812238.203
3600,700,6532885047772.319
3600,750,7068245719414.356
3600,800,8089208782531.872
3600,850,11817139097864.107
3600,900,11129495060480.174
3600,950,5505784311239.58
3600,1000,8310711678699.089
3600,1050,10106645941547.494
3600,1100,13217867967097.643
3600,1150,13145663861021.549
3600,1200,14425626535639.475
3600,1250,13035966827724.316
3600,1300,17708324788146.117
3600,1350,14488047221980.232
3600,1400,25389368898874.145
3600,1450,15565447579894.422
3600,1500,13122445852014.738
3600,1550,18997563711259.184
3600,1600,18918940355089.848
3600,1650,16628523192537.848
3600,1700,24400927041967.312
3600,1750,22250450096877.22
3600,1800,24692388871278.39
3600,1850,26047420745663.91
3600,1900,33148983667796.76
3600,1950,24921548637491.45
3600,2000,32112516656505.703
3600,2050,28904519361010.027
3600,2100,30349298869104.617
3600,2150,26533774372121.242
3600,2200,35009911842117.793
3600,2250,26917945146663.574
3600,2300,30430789485781.453
3600,2350,32043487237479.04
3600,2400,27466168778377.477
3600,2450,27251284126818.12
3600,2500,32966504912066.805
3800,50,99322355759.08778
3800,100,386037499783.25134
3800,150,358431471696.28186
3800,200,645520913556.9504
3800,250,696287852689.4836
3800,300,1116032827152.2327
3800,350,2435232582424.1807
3800,400,3284163074585.024
3800,450,3075325757592.302
3800,500,2136439965190.5142
3800,550,3066729843151.993
3800,600,6363819774857.066
3800,650,3793946804357.681
3800,700,6990875103179.114
3800,750,7937156607205.09
3800,800,6983078834845.114
3800,850,8816541701461.1
3800,900,10909158820286.188
3800,950,9406628214710.992
3800,1000,11231868368424.744
3800,1050,9173936322171.016
3800,1100,11882408195680.85
3800,1150,19178963708572.28
3800,1200,14119941033439.238
3800,1250,14519787379590.842
3800,1300,25400371118883.51
3800,1350,21428191946054.734
3800,1400,16263435712592.82
3800,1450,18157353250859.375
3800,1500,26739547996177.05
3800,1550,25094905064449.09
3800,1600,23704948087499.535
3800,1650,26860639406676.85
3800,1700,23448040273179.844
3800,1750,27849830081686.305
3800,1800,15970592738426.133
3800,1850,21526830354045.336
3800,1900,35172769268810.63
3800,1950,34710901365042.79
3800,2000,36770747473684.81
3800,2050,38712554901266.734
3800,2100,42025467968737.96
3800,2150,33969373387473.48
3800,2200,37142418027579.88
3800,2250,22442318484308.293
3800,2300,36625854127638.516
3800,2350,39889306600641.62
3800,2400,37462259834024.71
3800,2450,26084867912756.008
3800,2500,40849814228374.414
4000,50,63081889412.527115
4000,100,423751907456.8471
4000,150,987473165005.5033
4000,200,601311286209.2256
4000,250,1646361654576.5415
4000,300,2069323409014.509
4000,350,3135411766474.093
4000,400,596573085312.7788
4000,450,4035257120819.724
4000,500,3820956388144.635
4000,550,4979261665669.785
4000,600,4373466747329.7217
4000,650,7566764089480.912
4000,700,13499653938759.32
4000,750,10318519520879.852
4000,800,7847175445362.082
4000,850,7806717464184.229
4000,900,13324722757310.805
4000,950,6788660567987.027
4000,1000,12759108852805.107
4000,1050,11448677969748.178
4000,1100,12169426301253.703
4000,1150,15160891143736.023
4000,1200,17526314748569.408
4000,1250,21583786491828.86
4000,1300,14993090325980.127
4000,1350,20394085162702.406
4000,1400,27364551558862.98
4000,1450,10405558607851.912
4000,1500,18517716899627.406
4000,1550,18020516893699.473
4000,1600,33777722406118.645
4000,1650,21872532960374.508
4000,1700,20819268344262.08
4000,1750,21683589039771.535
4000,1800,29914142204306.72
4000,1850,24453679952842.65
4000,1900,31912885475240.273
4000,1950,30153099740249.848
4000,2000,34925755083568.688
4000,2050,25144687357809.742
4000,2100,18825221074925.895
4000,2150,28256105043929.08
4000,2200,38146147896263.266
4000,2250,41272627025038.58
4000,2300,39961596982799.16
4000,2350,27461255469463.35
4000,2400,32830571358910.523
4000,2450,38646914245222.35
4000,2500,59492679534044.016
4200,50,151635635574.27908
4200,100,193566715182.30493
4200,150,72036953941.35362
4200,200,492345972427.3569
4200,250,1246101191460.2769
4200,300,1600260452475.3674
4200,350,3230870468719.7627
4200,400,2724631592444.239
4200,450,3685729563520.282
4200,500,5836757828531.353
4200,550,5903746881721.134
4200,600,4041421098083.861
4200,650,2958212971400.2075
4200,700,7211388285001.056
4200,750,6965150254863.148
4200,800,6427014589223.74
4200,850,10619958433003.703
4200,900,9446724421288.334
4200,950,11730402659748.922
4200,1000,10992084281466.678
4200,1050,12515468562966.344
4200,1100,15135329924016.672
4200,1150,13621404601611.656
4200,1200,15154652216242.195
4200,1250,16281523581590.824
4200,1300,13849009070590.676
4200,1350,19168822724493.727
4200,1400,21334092564375.215
4200,1450,19244006333329.598
4200,1500,21263469161556.098
4200,1550,23667721005460.61
4200,1600,33669073793356.293
4200,1650,24984830732030.887
4200,1700,29084699371746.28
4200,1750,24127270126250.63
4200,1800,23951082830849.1
4200,1850,25985070931338.44
4200,1900,25231128339132.367
4200,1950,23055782601843.35
4200,2000,37959242314047.695
4200,2050,24404513283486.43
4200,2100,32680423730053.81
4200,2150,26878896836472.777
4200,2200,28982837870209.66
4200,2250,32402329393106.992
4200,2300,40916061958590.74
4200,2350,35082669309699.207
4200,2400,36657426722659.02
4200,2450,34962458999814.8
4200,2500,37807535819853.32
4400,50,24742389661.317455
4400,100,383290027149.482
4400,150,732414380311.3158
4400,200,1254001017684.706
4400,250,1984674335277.2693
4400,300,2035291217366.5076
4400,350,2075697575128.8518
4400,400,3684083778394.0713
4400,450,2333175396399.132
4400,500,4132235469749.225
4400,550,4971401050397.827
4400,600,10505002627807.2
4400,650,8375591397137.226
4400,700,10897833791288.334
4400,750,8510891982174.074
4400,800,12560663263679.37
4400,850,12270589180529.955
4400,900,12191588024349.406
4400,950,14723924060998.768
4400,1000,10914297954514.781
4400,1050,19419596580412.805
4400,1100,16199270654556.908
4400,1150,18432146789762.258
4400,1200,15838231958049.23
4400,1250,15012267377766.115
4400,1300,19982153289812.82
4400,1350,27060116324780.97
4400,1400,26016904255496.223
4400,1450,25022471336964.234
4400,1500,31607129185816.715
4400,1550,23287677051290.664
4400,1600,29110255980274.387
4400,1650,27802082712697.02
4400,1700,25057603319629.402
4400,1750,28525384529318.08
4400,1800,25466281521724.574
4400,1850,36913769153993.86
4400,1900,27797076301610.137
4400,1950,33413484008031.145
4400,2000,30137851587996.46
4400,2050,32089221515470.887
4400,2100,37831385712002.31
4400,2150,39466231793345.57
4400,2200,31736300811961.703
4400,2250,27431005878437.63
4400,2300,36781096184500.19
4400,2350,44353613897400.58
4400,2400,29650810208951.594
4400,2450,31635847509932.89
4400,2500,36267171074652.96
4600,50,24452915546.30576
4600,100,277546117525.2216
4600,150,647928636089.8923
4600,200,758996544396.3627
4600,250,1339819732218.5212
4600,300,2791718218088.3076
4600,350,3152042822435.8867
4600,400,3697705968760.564
4600,450,5156306174185.217
4600,500,5583904466366.811
4600,550,2830293677182.656
4600,600,9274855900927.934
4600,650,8929373261103.98
4600,700,9081669806765.688
4600,750,12997361799316.936
4600,800,13421363251070.084
4600,850,14467316273330.793
4600,900,13129649358864.164
4600,950,12575038170171.271
4600,1000,11166721025530.977
4600,1050,14683583541293.832
4600,1100,16213801226992.693
4600,1150,14670563131627.346
4600,1200,20662486733745.9
4600,1250,23238178546556.73
4600,1300,22008276327643.336
4600,1350,21485484776619.098
4600,1400,17789246311297.383
4600,1450,28781293612144.273
4600,1500,24753666998013.703
4600,1550,25267285527268.117
4600,1600,29799768092832.41
4600,1650,25530326251592.297
4600,1700,29206148426287.324
4600,1750,27176660969683.773
4600,1800,47252271689964.85
4600,1850,29204168014803.12
4600,1900,18285546915608.652
4600,1950,37197998168452.88
4600,2000,34852420779410.95
4600,2050,31899747739311.32
4600,2100,28079512845417.64
4600,2150,36751635554334.23
4600,2200,43803059137296.05
4600,2250,48037883715783.83
4600,2300,60781357287082.336
4600,2350,43952683738903.27
4600,2400,44559437014131.25
4600,2450,70507900629871.45
4600,2500,42965964843469.36
4800,50,278504018482.1988
4800,100,259288456722.61075
4800,150,691019404011.2899
4800,200,817505274644.554
4800,250,3174343654011.306
4800,300,1794597802254.857
4800,350,3008846886763.0376
4800,400,1660566702775.2812
4800,450,4686081644647.922
4800,500,7636627570000.894
4800,550,5885969879078.605
4800,600,5736296411886.638
4800,650,9910379454765.113
4800,700,11338211631347.994
4800,750,9247739889801.896
4800,800,7690587569605.502
4800,850,6938843426412.355
4800,900,15568263174814.24
4800,950,19849181278917.457
4800,1000,16353886698279.836
4800,1050,18642719445205.33
4800,1100,21402670578499.81
4800,1150,21573465545454.496
4800,1200,25507241695964.793
4800,1250,24955251380676.633
4800,1300,29972813653005.45
4800,1350,25956671696531.145
4800,1400,25941740981248.16
4800,1450,29295175565787.4
4800,1500,23921661663525.56
4800,1550,19080080520639.547
4800,1600,26825570420806.184
4800,1650,32913024660255.574
4800,1700,29304118014351.594
4800,1750,39604816770318.06
4800,1800,30107194315138.332
4800,1850,42485846730425.54
4800,1900,36431943582881.586
4800,1950,46102399664097.13
4800,2000,41584654510899.53
4800,2050,30471493165714.4
4800,2100,34206654423026.113
4800,2150,33680896928527.703
4800,2200,29496323408032.48
4800,2250,46893778188106.97
4800,2300,47500626005113.22
4800,2350,34619647839999.176
4800,2400,46670110686646.945
4800,2450,47430867241266.3
4800,2500,47479660235218.74
5000,50,87560652006.4645
5000,100,373894236058.7026
5000,150,1632170301268.502
5000,200,1702411654355.493
5000,250,1828917798311.7405
5000,300,2413941008388.019
5000,350,3044461787464.712
5000,400,2683660373974.561
5000,450,7250366323442.312
5000,500,5699129406370.841
5000,550,4892563434595.998
5000,600,6763672574464.43
5000,650,7260954782583.093
5000,700,9756287862840.488
5000,750,13793558347671.305
5000,800,15176648566369.58
5000,850,14277491339208.893
5000,900,11447664094013.713
5000,950,17370775268052.74
5000,1000,18469762500787.13
5000,1050,21517350888436.95
5000,1100,13195028895104.57
5000,1150,19314580700126.33
5000,1200,23707118291517.344
5000,1250,25742928645592.324
5000,1300,21221423643923.46
5000,1350,21700248826438.24
5000,1400,29912736640806.047
5000,1450,24704170927156.008
5000,1500,26326753367210.81
5000,1550,21171079827810.215
5000,1600,34010588802079.414
5000,1650,34803682039364.22
5000,1700,32716502682164.82
5000,1750,37630989341428.336
5000,1800,41957769428193.22
5000,1850,41532752339442.05
5000,1900,34268195667637.6
5000,1950,39984398982456.26
5000,2000,40099967430268.59
5000,2050,41030579753863.47
5000,2100,41591250723427.33
5000,2150,48549541828673.57
5000,2200,46248895775767.35
5000,2250,45858104958847.22
5000,2300,46980393876060.914
5000,2350,36122346002969.82
5000,2400,54131414410295.086
5000,2450,58983889556927.125
5000,2500,45233126712338.914
5200,50,161004555723.86542
5200,100,263565882948.46204
5200,150,1407998283219.385
5200,200,1541201647295.1597
5200,250,2250578123555.6396
5200,300,2972413968703.106
5200,350,4126117515329.906
5200,400,5159300491965.343
5200,450,10076171750451.664
5200,500,8154960843174.969
5200,550,5467093692905.15
5200,600,10669439747647.16
5200,650,15773125267938.037
5200,700,13045703537642.04
5200,750,12864990328198.81
5200,800,14986473500077.96
5200,850,17573786041007.094
5200,900,17764497903822.94
5200,950,36278846703936.625
5200,1000,18816295906460.707
5200,1050,17981398053916.008
5200,1100,21670655884353.08
5200,1150,25133527288365.55
5200,1200,24738747797233.227
5200,1250,23390099630060.344
5200,1300,25937975114328.14
5200,1350,19142203724608.863
5200,1400,29503751456165.586
5200,1450,26926697708697.902
5200,1500,36668476191389.65
5200,1550,34773360537828.47
5200,1600,33816393852986.707
5200,1650,0
5200,1700,0
5200,1750,0
5200,1800,0
5200,1850,0
5200,1900,0
5200,1950,0
5200,2000,0
5200,2050,0
5200,2100,0
5200,2150,0
5200,2200,0
5200,2250,0
5200,2300,0
5200,2350,0
5200,2400,0
5200,2450,0
5200,2500,0
5400,50,0
5400,100,0
5400,150,0
5400,200,0
5400,250,0
5400,300,0
5400,350,0
5400,400,0
5400,450,0
5400,500,0
5400,550,0
5400,600,0
5400,650,0
5400,700,0
5400,750,0
5400,800,0
5400,850,0
5400,900,0
5400,950,0
5400,1000,0
5400,1050,0
5400,1100,0
5400,1150,0
5400,1200,0
5400,1250,0
5400,1300,0
5400,1350,0
5400,1400,0
5400,1450,0
5400,1500,0
5400,1550,0
5400,1600,0
5400,1650,0
5400,1700,0
5400,1750,0
5400,1800,0
5400,1850,0
5400,1900,0
5400,1950,0
5400,2000,0
5400,2050,0
5400,2100,0
5400,2150,0
5400,2200,0
5400,2250,0
5400,2300,0
5400,2350,0
5400,2400,0
5400,2450,0
5400,2500,0
5600,50,0
5600,100,0
5600,150,0
5600,200,0
5600,250,0
5600,300,0
5600,350,0
5600,400,0
5600,450,0
5600,500,0
5600,550,0
5600,600,0
5600,650,0
5600,700,0
5600,750,0
5600,800,0
5600,850,0
5600,900,0
5600,950,0
5600,1000,0
5600,1050,0
5600,1100,0
5600,1150,0
5600,1200,0
5600,1250,0
5600,1300,0
5600,1350,0
5600,1400,0
5600,1450,0
5600,1500,0
5600,1550,0
5600,1600,0
5600,1650,0
5600,1700,0
5600,1750,0
5600,1800,0
5600,1850,0
5600,1900,0
5600,1950,0
5600,2000,0
5600,2050,0
5600,2100,0
5600,2150,0
5600,2200,0
5600,2250,0
5600,2300,0
5600,2350,0
5600,2400,0
5600,2450,0
5600,2500,0
5800,50,0
5800,100,0
5800,150,0
5800,200,0
5800,250,0
5800,300,0
5800,350,0
5800,400,0
5800,450,0
5800,500,0
5800,550,0
5800,600,0
5800,650,0
5800,700,0
5800,750,0
5800,800,0
5800,850,0
5800,900,0
5800,950,0
5800,1000,0
5800,1050,0
5800,1100,0
5800,1150,0
5800,1200,0
5800,1250,0
5800,1300,0
5800,1350,0
5800,1400,0
5800,1450,0
5800,1500,0
5800,1550,0
5800,1600,0
5800,1650,0
5800,1700,0
5800,1750,0
5800,1800,0
5800,1850,0
5800,1900,0
5800,1950,0
5800,2000,0
5800,2050,0
5800,2100,0
5800,2150,0
5800,2200,0
5800,2250,0
5800,2300,0
5800,2350,0
5800,2400,0
5800,2450,0
5800,2500,0
6000,50,0
6000,100,0
6000,150,0
6000,200,0
6000,250,0
6000,300,0
6000,350,0
6000,400,0
6000,450,0
6000,500,0
6000,550,0
6000,600,0
6000,650,0
6000,700,0
6000,750,0
6000,800,0
6000,850,0
6000,900,0
6000,950,0
6000,1000,0
6000,1050,0
6000,1100,0
6000,1150,0
6000,1200,0
6000,1250,0
6000,1300,0
6000,1350,0
6000,1400,0
6000,1450,0
6000,1500,0
6000,1550,0
6000,1600,0
6000,1650,0
6000,1700,0
6000,1750,0
6000,1800,0
6000,1850,0
6000,1900,0
6000,1950,0
6000,2000,0
6000,2050,0
6000,2100,0
6000,2150,0
6000,2200,0
6000,2250,0
6000,2300,0
6000,2350,0
6000,2400,0
6000,2450,0
6000,2500,0
6200,50,0
6200,100,0
6200,150,0
6200,200,0
6200,250,0
6200,300,0
6200,350,0
6200,400,0
6200,450,0
6200,500,0
6200,550,0
6200,600,0
6200,650,0
6200,700,0
6200,750,0
6200,800,0
6200,850,0
6200,900,0
6200,950,0
6200,1000,0
6200,1050,0
6200,1100,0
6200,1150,0
6200,1200,0
6200,1250,0
6200,1300,0
6200,1350,0
6200,1400,0
6200,1450,0
6200,1500,0
6200,1550,0
6200,1600,0
6200,1650,0
6200,1700,0
6200,1750,0
6200,1800,0
6200,1850,0
6200,1900,0
6200,1950,0
6200,2000,0
6200,2050,0
6200,2100,0
6200,2150,0
6200,2200,0
6200,2250,0
6200,2300,0
6200,2350,0
6200,2400,0
6200,2450,0
6200,2500,0
6400,50,0
6400,100,0
6400,150,0
6400,200,0
6400,250,0
6400,300,0
6400,350,0
6400,400,0
6400,450,0
6400,500,0
6400,550,0
6400,600,0
6400,650,0
6400,700,0
6400,750,0
6400,800,0
6400,850,0
6400,900,0
6400,950,0
6400,1000,0
6400,1050,0
6400,1100,0
6400,1150,0
6400,1200,0
6400,1250,0
6400,1300,0
6400,1350,0
6400,1400,0
6400,1450,0
6400,1500,0
6400,1550,0
6400,1600,0
6400,1650,0
6400,1700,0
6400,1750,0
6400,1800,0
6400,1850,0
6400,1900,0
6400,1950,0
6400,2000,0
6400,2050,0
6400,2100,0
6400,2150,0
6400,2200,0
6400,2250,0
6400,2300,0
6400,2350,0
6400,2400,0
6400,2450,0
6400,2500,0
6600,50,0
6600,100,0
6600,150,0
6600,200,0
6600,250,0
6600,300,0
6600,350,0
6600,400,0
6600,450,0
6600,500,0
6600,550,0
6600,600,0
6600,650,0
6600,700,0
6600,750,0
6600,800,0
6600,850,0
6600,900,0
6600,950,0
6600,1000,0
6600,1050,0
6600,1100,0
6600,1150,0
6600,1200,0
6600,1250,0
6600,1300,0
6600,1350,0
6600,1400,0
6600,1450,0
6600,1500,0
6600,1550,0
6600,1600,0
6600,1650,0
6600,1700,0
6600,1750,0
6600,1800,0
6600,1850,0
6600,1900,0
6600,1950,0
6600,2000,0
6600,2050,0
6600,2100,0
6600,2150,0
6600,2200,0
6600,2250,0
6600,2300,0
6600,2350,0
6600,2400,0
6600,2450,0
6600,2500,0
6800,50,0
6800,100,0
6800,150,0
6800,200,0
6800,250,0
6800,300,0
6800,350,0
6800,400,0
6800,450,0
6800,500,0
6800,550,0
6800,600,0
6800,650,0
6800,700,0
6800,750,0
6800,800,0
6800,850,0
6800,900,0
6800,950,0
6800,1000,0
6800,1050,0
6800,1100,0
6800,1150,0
6800,1200,0
6800,1250,0
6800,1300,0
6800,1350,0
6800,1400,0
6800,1450,0
6800,1500,0
6800,1550,0
6800,1600,0
6800,1650,0
6800,1700,0
6800,1750,0
6800,1800,0
6800,1850,0
6800,1900,0
6800,1950,0
6800,2000,0
6800,2050,0
6800,2100,0
6800,2150,0
6800,2200,0
6800,2250,0
6800,2300,0
6800,2350,0
6800,2400,0
6800,2450,0
6800,2500,0
7000,50,0
7000,100,0
7000,150,0
7000,200,0
7000,250,0
7000,300,0
7000,350,0
7000,400,0
7000,450,0
7000,500,0
7000,550,0
7000,600,0
7000,650,0
7000,700,0
7000,750,0
7000,800,0
7000,850,0
7000,900,0
7000,950,0
7000,1000,0
7000,1050,0
7000,1100,0
7000,1150,0
7000,1200,0
7000,1250,0
7000,1300,0
7000,1350,0
7000,1400,0
7000,1450,0
7000,1500,0
7000,1550,0
7000,1600,0
7000,1650,0
7000,1700,0
7000,1750,0
7000,1800,0
7000,1850,0
7000,1900,0
7000,1950,0
7000,2000,0
7000,2050,0
7000,2100,0
7000,2150,0
7000,2200,0
7000,2250,0
7000,2300,0
7000,2350,0
7000,2400,0
7000,2450,0
7000,2500,0
7200,50,0
7200,100,0
7200,150,0
7200,200,0
7200,250,0
7200,300,0
7200,350,0
7200,400,0
7200,450,0
7200,500,0
7200,550,0
7200,600,0
7200,650,0
7200,700,0
7200,750,0
7200,800,0
7200,850,0
7200,900,0
7200,950,0
7200,1000,0
7200,1050,0
7200,1100,0
7200,1150,0
7200,1200,0
7200,1250,0
7200,1300,0
7200,1350,0
7200,1400,0
7200,1450,0
7200,1500,0
7200,1550,0
7200,1600,0
7200,1650,0
7200,1700,0
7200,1750,0
7200,1800,0
7200,1850,0
7200,1900,0
7200,1950,0
7200,2000,0
7200,2050,0
7200,2100,0
7200,2150,0
7200,2200,0
7200,2250,0
7200,2300,0
7200,2350,0
7200,2400,0
7200,2450,0
7200,2500,0
7400,50,0
7400,100,0
7400,150,0
7400,200,0
7400,250,0
7400,300,0
7400,350,0
7400,400,0
7400,450,0
7400,500,0
7400,550,0
7400,600,0
7400,650,0
7400,700,0
7400,750,0
7400,800,0
7400,850,0
7400,900,0
7400,950,0
7400,1000,0
7400,1050,0
7400,1100,0
7400,1150,0
7400,1200,0
7400,1250,0
7400,1300,0
7400,1350,0
7400,1400,0
7400,1450,0
7400,1500,0
7400,1550,0
7400,1600,0
7400,1650,0
7400,1700,0
7400,1750,0
7400,1800,0
7400,1850,0
7400,1900,0
7400,1950,0
7400,2000,0
7400,2050,0
7400,2100,0
7400,2150,0
7400,2200,0
7400,2250,0
7400,2300,0
7400,2350,0
7400,2400,0
7400,2450,0
7400,2500,0
7600,50,0
7600,100,0
7600,150,0
7600,200,0
7600,250,0
7600,300,0
7600,350,0
7600,400,0
7600,450,0
7600,500,0
7600,550,0
7600,600,0
7600,650,0
7600,700,0
7600,750,0
7600,800,0
7600,850,0
7600,900,0
7600,950,0
7600,1000,0
7600,1050,0
7600,1100,0
7600,1150,0
7600,1200,0
7600,1250,0
7600,1300,0
7600,1350,0
7600,1400,0
7600,1450,0
7600,1500,0
7600,1550,0
7600,1600,0
7600,1650,0
7600,1700,0
7600,1750,0
7600,1800,0
7600,1850,0
7600,1900,0
7600,1950,0
7600,2000,0
7600,2050,0
7600,2100,0
7600,2150,0
7600,2200,0
7600,2250,0
7600,2300,0
7600,2350,0
7600,2400,0
7600,2450,0
7600,2500,0
7800,50,0
7800,100,0
7800,150,0
7800,200,0
7800,250,0
7800,300,0
7800,350,0
7800,400,0
7800,450,0
7800,500,0
7800,550,0
7800,600,0
7800,650,0
7800,700,0
7800,750,0
7800,800,0
7800,850,0
7800,900,0
7800,950,0
7800,1000,0
7800,1050,0
7800,1100,0
7800,1150,0
7800,1200,0
7800,1250,0
7800,1300,0
7800,1350,0
7800,1400,0
7800,1450,0
7800,1500,0
7800,1550,0
7800,1600,0
7800,1650,0
7800,1700,0
7800,1750,0
7800,1800,0
7800,1850,0
7800,1900,0
7800,1950,0
7800,2000,0
7800,2050,0
7800,2100,0
7800,2150,0
7800,2200,0
7800,2250,0
7800,2300,0
7800,2350,0
7800,2400,0
7800,2450,0
7800,2500,0
8000,50,0
8000,100,0
8000,150,0
8000,200,0
8000,250,0
8000,300,0
8000,350,0
8000,400,0
8000,450,0
8000,500,0
8000,550,0
8000,600,0
8000,650,0
8000,700,0
8000,750,0
8000,800,0
8000,850,0
8000,900,0
8000,950,0
8000,1000,0
8000,1050,0
8000,1100,0
8000,1150,0
8000,1200,0
8000,1250,0
8000,1300,0
8000,1350,0
8000,1400,0
8000,1450,0
8000,1500,0
8000,1550,0
8000,1600,0
8000,1650,0
8000,1700,0
8000,1750,0
8000,1800,0
8000,1850,0
8000,1900,0
8000,1950,0
8000,2000,0
8000,2050,0
8000,2100,0
8000,2150,0
8000,2200,0
8000,2250,0
8000,2300,0
8000,2350,0
8000,2400,0
8000,2450,0
8000,2500,0
8200,50,0
8200,100,0
8200,150,0
8200,200,0
8200,250,0
8200,300,0
8200,350,0
8200,400,0
8200,450,0
8200,500,0
8200,550,0
8200,600,0
8200,650,0
8200,700,0
8200,750,0
8200,800,0
8200,850,0
8200,900,0
8200,950,0
8200,1000,0
8200,1050,0
8200,1100,0
8200,1150,0
8200,1200,0
8200,1250,0
8200,1300,0
8200,1350,0
8200,1400,0
8200,1450,0
8200,1500,0
8200,1550,0
8200,1600,0
8200,1650,0
8200,1700,0
8200,1750,0
8200,1800,0
8200,1850,0
8200,1900,0
8200,1950,0
8200,2000,0
8200,2050,0
8200,2100,0
8200,2150,0
8200,2200,0
8200,2250,0
8200,2300,0
8200,2350,0
8200,2400,0
8200,2450,0
8200,2500,0
8400,50,0
8400,100,0
8400,150,0
8400,200,0
8400,250,0
8400,300,0
8400,350,0
8400,400,0
8400,450,0
8400,500,0
8400,550,0
8400,600,0
8400,650,0
8400,700,0
8400,750,0
8400,800,0
8400,850,0
8400,900,0
8400,950,0
8400,1000,0
8400,1050,0
8400,1100,0
8400,1150,0
8400,1200,0
8400,1250,0
8400,1300,0
8400,1350,0
8400,1400,0
8400,1450,0
8400,1500,0
8400,1550,0
8400,1600,0
8400,1650,0
8400,1700,0
8400,1750,0
8400,1800,0
8400,1850,0
8400,1900,0
8400,1950,0
8400,2000,0
8400,2050,0
8400,2100,0
8400,2150,0
8400,2200,0
8400,2250,0
8400,2300,0
8400,2350,0
8400,2400,0
8400,2450,0
8400,2500,0
8600,50,0
8600,100,0
8600,150,0
8600,200,0
8600,250,0
8600,300,0
8600,350,0
8600,400,0
8600,450,0
8600,500,0
8600,550,0
8600,600,0
8600,650,0
8600,700,0
8600,750,0
8600,800,0
8600,850,0
8600,900,0
8600,950,0
8600,1000,0
8600,1050,0
8600,1100,0
8600,1150,0
8600,1200,0
8600,1250,0
8600,1300,0
8600,1350,0
8600,1400,0
8600,1450,0
8600,1500,0
8600,1550,0
8600,1600,0
8600,1650,0
8600,1700,0
8600,1750,0
8600,1800,0
8600,1850,0
8600,1900,0
8600,1950,0
8600,2000,0
8600,2050,0
8600,2100,0
8600,2150,0
8600,2200,0
8600,2250,0
8600,2300,0
8600,2350,0
8600,2400,0
8600,2450,0
8600,2500,0
8800,50,0
8800,100,0
8800,150,0
8800,200,0
8800,250,0
8800,300,0
8800,350,0
8800,400,0
8800,450,0
8800,500,0
8800,550,0
8800,600,0
8800,650,0
8800,700,0
8800,750,0
8800,800,0
8800,850,0
8800,900,0
8800,950,0
8800,1000,0
8800,1050,0
8800,1100,0
8800,1150,0
8800,1200,0
8800,1250,0
8800,1300,0
8800,1350,0
8800,1400,0
8800,1450,0
8800,1500,0
8800,1550,0
8800,1600,0
8800,1650,0
8800,1700,0
8800,1750,0
8800,1800,0
8800,1850,0
8800,1900,0
8800,1950,0
8800,2000,0
8800,2050,0
8800,2100,0
8800,2150,0
8800,2200,0
8800,2250,0
8800,2300,0
8800,2350,0
8800,2400,0
8800,2450,0
8800,2500,0
9000,50,0
9000,100,0
9000,150,0
9000,200,0
9000,250,0
9000,300,0
9000,350,0
9000,400,0
9000,450,0
9000,500,0
9000,550,0
9000,600,0
9000,650,0
9000,700,0
9000,750,0
9000,800,0
9000,850,0
9000,900,0
9000,950,0
9000,1000,0
9000,1050,0
9000,1100,0
9000,1150,0
9000,1200,0
9000,1250,0
9000,1300,0
9000,1350,0
9000,1400,0
9000,1450,0
9000,1500,0
9000,1550,0
9000,1600,0
9000,1650,0
9000,1700,0
9000,1750,0
9000,1800,0
9000,1850,0
9000,1900,0
9000,1950,0
9000,2000,0
9000,2050,0
9000,2100,0
9000,2150,0
9000,2200,0
9000,2250,0
9000,2300,0
9000,2350,0
9000,2400,0
9000,2450,0
9000,2500,0
9200,50,0
9200,100,0
9200,150,0
9200,200,0
9200,250,0
9200,300,0
9200,350,0
9200,400,0
9200,450,0
9200,500,0
9200,550,0
9200,600,0
9200,650,0
9200,700,0
9200,750,0
9200,800,0
9200,850,0
9200,900,0
9200,950,0
9200,1000,0
9200,1050,0
9200,1100,0
9200,1150,0
9200,1200,0
9200,1250,0
9200,1300,0
9200,1350,0
9200,1400,0
9200,1450,0
9200,1500,0
9200,1550,0
9200,1600,0
9200,1650,0
9200,1700,0
9200,1750,0
9200,1800,0
9200,1850,0
9200,1900,0
9200,1950,0
9200,2000,0
9200,2050,0
9200,2100,0
9200,2150,0
9200,2200,0
9200,2250,0
9200,2300,0
9200,2350,0
9200,2400,0
9200,2450,0
9200,2500,0
9400,50,0
9400,100,0
9400,150,0
9400,200,0
9400,250,0
9400,300,0
9400,350,0
9400,400,0
9400,450,0
9400,500,0
9400,550,0
9400,600,0
9400,650,0
9400,700,0
9400,750,0
9400,800,0
9400,850,0
9400,900,0
9400,950,0
9400,1000,0
9400,1050,0
9400,1100,0
9400,1150,0
9400,1200,0
9400,1250,0
9400,1300,0
9400,1350,0
9400,1400,0
9400,1450,0
9400,1500,0
9400,1550,0
9400,1600,0
9400,1650,0
9400,1700,0
9400,1750,0
9400,1800,0
9400,1850,0
9400,1900,0
9400,1950,0
9400,2000,0
9400,2050,0
9400,2100,0
9400,2150,0
9400,2200,0
9400,2250,0
9400,2300,0
9400,2350,0
9400,2400,0
9400,2450,0
9400,2500,0
9600,50,0
9600,100,0
9600,150,0
9600,200,0
9600,250,0
9600,300,0
9600,350,0
9600,400,0
9600,450,0
9600,500,0
9600,550,0
9600,600,0
9600,650,0
9600,700,0
9600,750,0
9600,800,0
9600,850,0
9600,900,0
9600,950,0
9600,1000,0
9600,1050,0
9600,1100,0
9600,1150,0
9600,1200,0
9600,1250,0
9600,1300,0
9600,1350,0
9600,1400,0
9600,1450,0
9600,1500,0
9600,1550,0
9600,1600,0
9600,1650,0
9600,1700,0
9600,1750,0
9600,1800,0
9600,1850,0
9600,1900,0
9600,1950,0
9600,2000,0
9600,2050,0
9600,2100,0
9600,2150,0
9600,2200,0
9600,2250,0
9600,2300,0
9600,2350,0
9600,2400,0
9600,2450,0
9600,2500,0
9800,50,0
9800,100,0
9800,150,0
9800,200,0
9800,250,0
9800,300,0
9800,350,0
9800,400,0
9800,450,0
9800,500,0
9800,550,0
9800,600,0
9800,650,0
9800,700,0
9800,750,0
9800,800,0
9800,850,0
9800,900,0
9800,950,0
9800,1000,0
9800,1050,0
9800,1100,0
9800,1150,0
9800,1200,0
9800,1250,0
9800,1300,0
9800,1350,0
9800,1400,0
9800,1450,0
9800,1500,0
9800,1550,0
9800,1600,0
9800,1650,0
9800,1700,0
9800,1750,0
9800,1800,0
9800,1850,0
9800,1900,0
9800,1950,0
9800,2000,0
9800,2050,0
9800,2100,0
9800,2150,0
9800,2200,0
9800,2250,0
9800,2300,0
9800,2350,0
9800,2400,0
9800,2450,0
9800,2500,0
10000,50,0
10000,100,0
10000,150,0
10000,200,0
10000,250,0
10000,300,0
10000,350,0
10000,400,0
10000,450,0
10000,500,0
10000,550,0
10000,600,0
10000,650,0
10000,700,0
10000,750,0
10000,800,0
10000,850,0
10000,900,0
10000,950,0
10000,1000,0
10000,1050,0
10000,1100,0
10000,1150,0
10000,1200,0
10000,1250,0
10000,1300,0
10000,1350,0
10000,1400,0
10000,1450,0
10000,1500,0
10000,1550,0
10000,1600,0
10000,1650,0
10000,1700,0
10000,1750,0
10000,1800,0
10000,1850,0
10000,1900,0
10000,1950,0
10000,2000,0
10000,2050,0
10000,2100,0
10000,2150,0
10000,2200,0
10000,2250,0
10000,2300,0
10000,2350,0
10000,2400,0
10000,2450,0
10000,2500,0
